{"schemaVersion":"1.0","appDefinitionTemplate":{"id":"/providers/Microsoft.PowerApps/apps/","type":"Microsoft.PowerApps/apps","tags":{"primaryDeviceWidth":"1366","primaryDeviceHeight":"768","supportsPortrait":"true","supportsLandscape":"true","primaryFormFactor":"Tablet","publisherVersion":"3.23023.21","minimumRequiredApiVersion":"2.2.0","hasComponent":"false","hasUnlockedComponent":"false","isUnifiedRootApp":"false","sienaVersion":"20230309T191555Z-3.23023.21.0"},"properties":{"appVersion":"2023-03-09T19:15:55Z","lifeCycleId":"Published","createdByClientVersion":{"major":3,"minor":23023,"build":21,"revision":0,"majorRevision":0,"minorRevision":0},"minClientVersion":{"major":3,"minor":23023,"build":21,"revision":0,"majorRevision":0,"minorRevision":0},"backgroundColor":"rgba(30, 201, 93, 1)","backgroundImageUri":"/4639291148417874398/N2c6a477e-8ed5-4ca6-8f31-1282ed316f87-logoSmallFile","displayName":"Training_App","description":"","commitMessage":"","appUris":{"documentUri":{"value":"/4639291148417874398/N8da0d24f-0e16-464c-8d06-5cdb8b4e8887-document.msapp"},"imageUris":[],"additionalUris":[]},"createdTime":"0001-01-01T00:00:00Z","lastModifiedTime":"0001-01-01T00:00:00Z","sharedGroupsCount":0,"sharedUsersCount":0,"connectionReferences":{"be34db6f-ca99-4aeb-9c59-14e7af3459e8":{"id":"bac611a4-39a1-4a40-81c4-4459c2efc642","displayName":"Excel","iconUri":"https://connectoricons-prod.azureedge.net/releases/v1.0.1618/1.0.1618.3179/excel/icon.png","dataSources":["Table"],"dependencies":["f8f689ba-c96e-44cf-9247-2b9e37b86d62"],"dependents":[],"parameterHints":{"f8f689ba-c96e-44cf-9247-2b9e37b86d62":{"value":"fileSource"}},"parameterHintsV2":{"fileSource":{"value":"f8f689ba-c96e-44cf-9247-2b9e37b86d62"}},"isOnPremiseConnection":false,"bypassConsent":false,"dataSets":{"b!6fdpKfo-Dkms1gZUSZsS6kYlFqN53oZPgKb8X7uXXsR5_pJNtWBRR5MRkndF14wZ.01BYR5XLTCQTJMNYHRKFBIJO3AY4O2RYS5":{"dataSources":{"Table":{"tableName":"Table"}}}},"apiTier":"Standard","isCustomApiConnection":false,"actions":["providers/PowerPlatform.Governance/Operations/Read"]},"f8f689ba-c96e-44cf-9247-2b9e37b86d62":{"id":"992c9bd3-8ae5-4760-922e-4b0df768ffe2","displayName":"OneDrive for Business","iconUri":"https://connectoricons-prod.azureedge.net/releases/v1.0.1546/1.0.1546.2665/onedriveforbusiness/icon.png","dataSources":[],"dependencies":[],"dependents":["be34db6f-ca99-4aeb-9c59-14e7af3459e8"],"parameterHints":{},"parameterHintsV2":{},"isOnPremiseConnection":false,"bypassConsent":false,"dataSets":{},"apiTier":"Standard","isCustomApiConnection":false},"2af71605-ea17-4f20-82fe-cb563b9dc9f7":{"id":"bac611a4-39a1-4a40-81c4-4459c2efc642","displayName":"Excel","iconUri":"https://connectoricons-prod.azureedge.net/releases/v1.0.1618/1.0.1618.3179/excel/icon.png","dataSources":["Table1"],"dependencies":["db2aea4c-e38a-4c28-9bb7-e77a22104049"],"dependents":[],"parameterHints":{"db2aea4c-e38a-4c28-9bb7-e77a22104049":{"value":"fileSource"}},"parameterHintsV2":{"fileSource":{"value":"db2aea4c-e38a-4c28-9bb7-e77a22104049"}},"isOnPremiseConnection":false,"bypassConsent":false,"dataSets":{"b!6fdpKfo-Dkms1gZUSZsS6kYlFqN53oZPgKb8X7uXXsR5_pJNtWBRR5MRkndF14wZ.01BYR5XLRZDV4QHWZPRZCZKRG4A7NEWQGR":{"dataSources":{"Table1":{"tableName":"Table1"}}}},"apiTier":"Standard","isCustomApiConnection":false,"actions":["providers/PowerPlatform.Governance/Operations/Read"]},"db2aea4c-e38a-4c28-9bb7-e77a22104049":{"id":"992c9bd3-8ae5-4760-922e-4b0df768ffe2","displayName":"OneDrive for Business","iconUri":"https://connectoricons-prod.azureedge.net/releases/v1.0.1546/1.0.1546.2665/onedriveforbusiness/icon.png","dataSources":[],"dependencies":[],"dependents":["2af71605-ea17-4f20-82fe-cb563b9dc9f7"],"parameterHints":{},"parameterHintsV2":{},"isOnPremiseConnection":false,"bypassConsent":false,"dataSets":{},"apiTier":"Standard","isCustomApiConnection":false},"09dc3d05-0d06-4b2b-805c-43d8e1325c7c":{"id":"ebcf3c17-7fac-4881-9d47-92947281c565","displayName":"SharePoint","iconUri":"https://connectoricons-prod.azureedge.net/u/juanq/gateway/greyhound/3000.150.11/1.0.1613.3116/sharepointonline/icon.png","dataSources":["Kayıt"],"dependencies":[],"dependents":[],"parameterHints":{},"parameterHintsV2":{},"isOnPremiseConnection":false,"bypassConsent":false,"dataSets":{"https://37ccpy-my.sharepoint.com/personal/tugceayan_37ccpy_onmicrosoft_com":{"dataSources":{"Kayıt":{"tableName":"df3baf9e-faf5-427e-bee8-da839cb4deb2"}}}},"apiTier":"Standard","isCustomApiConnection":false,"actions":["providers/PowerPlatform.Governance/Operations/Read"]},"0683e801-c243-4dea-b481-6abb30218743":{"id":"ebcf3c17-7fac-4881-9d47-92947281c565","displayName":"SharePoint","iconUri":"https://connectoricons-prod.azureedge.net/u/juanq/gateway/greyhound/3000.150.11/1.0.1613.3116/sharepointonline/icon.png","dataSources":["Eğitimler"],"dependencies":[],"dependents":["b71cbc13-a314-4586-b691-b3baa61f3741"],"parameterHints":{},"parameterHintsV2":{},"isOnPremiseConnection":false,"bypassConsent":false,"dataSets":{"https://37ccpy-my.sharepoint.com/personal/tugceayan_37ccpy_onmicrosoft_com":{"dataSources":{"Eğitimler":{"tableName":"5c0e2bf5-2ceb-446d-989f-7096629043aa"}}}},"apiTier":"Standard","isCustomApiConnection":false,"actions":["providers/PowerPlatform.Governance/Operations/Read"]},"61c0e0b5-7f00-4d48-9401-ca1dca34c2ed":{"id":"53192bae-97c0-4596-a14a-6f3965ce44c9","displayName":"Power BI","iconUri":"https://connectoricons-prod.azureedge.net/releases/v1.0.1596/1.0.1596.2995/powerbi/icon.png","dataSources":["PowerBI"],"dependencies":[],"dependents":["b71cbc13-a314-4586-b691-b3baa61f3741","8d701bb8-3abb-4649-b97b-a380fa6efc56"],"parameterHints":{},"parameterHintsV2":{},"isOnPremiseConnection":false,"bypassConsent":false,"dataSets":{},"apiTier":"Standard","isCustomApiConnection":false,"actions":["RefreshDataset"]},"b71cbc13-a314-4586-b691-b3baa61f3741":{"id":"ae8183b0-ce4f-4eb1-bbdc-321c99129a70","displayName":"Logic flows","iconUri":"https://connectoricons-prod.azureedge.net/releases/v1.0.1615/1.0.1615.3163/logicflows/icon.png","dataSources":["PowerApp->Whenanitemiscreatedormodified,Refreshadataset-2"],"dependencies":["0683e801-c243-4dea-b481-6abb30218743","61c0e0b5-7f00-4d48-9401-ca1dca34c2ed"],"dependents":[],"parameterHints":{"workflowName":{"value":"30c97806-17b8-497c-b9dd-fbbf228d6ef4"},"workflowEntityId":{},"0683e801-c243-4dea-b481-6abb30218743":{"value":"shared_sharepointonline"},"61c0e0b5-7f00-4d48-9401-ca1dca34c2ed":{"value":"shared_powerbi"}},"parameterHintsV2":{"workflowName":{"value":"30c97806-17b8-497c-b9dd-fbbf228d6ef4"},"workflowEntityId":{},"shared_sharepointonline":{"value":"0683e801-c243-4dea-b481-6abb30218743"},"shared_powerbi":{"value":"61c0e0b5-7f00-4d48-9401-ca1dca34c2ed"}},"isOnPremiseConnection":false,"bypassConsent":false,"dataSets":{},"apiTier":"Standard","isCustomApiConnection":false,"actions":["Run"],"nestedActions":[{"id":"/providers/Microsoft.PowerApps/apis/shared_sharepointonline/apiOperations/GetOnUpdatedItems","apiName":"SharePoint","actionName":"GetOnUpdatedItems","referencedResources":[{"key":"site","value":"https://37ccpy-my.sharepoint.com/personal/tugceayan_37ccpy_onmicrosoft_com"},{"key":"list","value":"df3baf9e-faf5-427e-bee8-da839cb4deb2"}]},{"id":"/providers/Microsoft.PowerApps/apis/shared_powerbi/apiOperations/RefreshDataset","apiName":"Power BI","actionName":"RefreshDataset","referencedResources":[]}]},"8d701bb8-3abb-4649-b97b-a380fa6efc56":{"id":"ae8183b0-ce4f-4eb1-bbdc-321c99129a70","displayName":"Logic flows","iconUri":"https://connectoricons-prod.azureedge.net/releases/v1.0.1615/1.0.1615.3163/logicflows/icon.png","dataSources":["PowerApp->Refreshadataset-2"],"dependencies":["61c0e0b5-7f00-4d48-9401-ca1dca34c2ed"],"dependents":[],"parameterHints":{"workflowName":{"value":"22c93ef4-2dd2-4dc1-bad2-27ee840bbd6b"},"workflowEntityId":{},"61c0e0b5-7f00-4d48-9401-ca1dca34c2ed":{"value":"shared_powerbi"}},"parameterHintsV2":{"workflowName":{"value":"22c93ef4-2dd2-4dc1-bad2-27ee840bbd6b"},"workflowEntityId":{},"shared_powerbi":{"value":"61c0e0b5-7f00-4d48-9401-ca1dca34c2ed"}},"isOnPremiseConnection":false,"bypassConsent":false,"dataSets":{},"apiTier":"Standard","isCustomApiConnection":false,"actions":["Run"],"nestedActions":[{"id":"/providers/Microsoft.PowerApps/apis/shared_powerbi/apiOperations/RefreshDataset","apiName":"Power BI","actionName":"RefreshDataset","referencedResources":[]}]}},"authorizationReferences":[{"resourceId":"powerbi"}],"databaseReferences":{"default.cds":{"databaseDetails":{"referenceType":"Environmental","environmentName":"default.cds","overrideValues":{"status":"NotSpecified"}},"dataSources":{"Power BI Reports":{"entitySetName":"powerbireports","logicalName":"powerbireport"}},"actions":["providers/PowerPlatform.Governance/Operations/Read"]}},"almMode":"Environment","performanceOptimizationEnabled":true,"canConsumeAppPass":true,"enableModernRuntimeMode":false,"executionRestrictions":{"isTeamsOnly":false,"dataLossPreventionEvaluationResult":{"status":"Compliant","lastEvaluationDate":"2023-03-09T19:16:16.7563811Z","violations":[],"violationsByPolicy":[],"violationErrorMessage":"The app uses the following connectors: shared_excel, shared_onedriveforbusiness, shared_sharepointonline, shared_powerbi, shared_logicflows, shared_commondataservice."},"httpActionRestriction":{"appUsesSharepointHttpAction":false,"enforcementStrategy":"Legacy","evaluationTime":"2023-03-09T19:16:16.7562588Z"}}},"appType":"ClassicCanvasApp","appComponents":[]}}