{"name":"9d3bddf3-a002-40c1-9228-0e1cefabf8f8","id":"/providers/Microsoft.Flow/flows/9d3bddf3-a002-40c1-9228-0e1cefabf8f8","type":"Microsoft.Flow/flows","properties":{"apiId":"/providers/Microsoft.PowerApps/apis/shared_logicflows","displayName":"PowerApp -> When an item is created or modified,Refresh a dataset - 2","definition":{"metadata":{"workflowEntityId":null,"processAdvisorMetadata":null,"flowclientsuspensionreason":"None","flowclientsuspensiontime":null,"flowclientsuspensionreasondetails":null,"creator":{"id":"2c16d023-68ba-406b-a753-9a32c950ed84","type":"User","tenantId":"929dd2d8-58ee-45cb-918f-a69fc34142c3"},"provisioningMethod":"FromDefinition","failureAlertSubscription":true,"clientLastModifiedTime":"2023-03-09T15:30:05.4531893Z"},"$schema":"https://schema.management.azure.com/providers/Microsoft.Logic/schemas/2016-06-01/workflowdefinition.json#","contentVersion":"1.0.0.0","parameters":{"$connections":{"defaultValue":{},"type":"Object"},"$authentication":{"defaultValue":{},"type":"SecureObject"}},"triggers":{"manual":{"metadata":{"operationMetadataId":"b0681aef-b07f-42df-823d-5bb693898176"},"type":"Request","kind":"PowerApp","inputs":{"schema":{"type":"object","properties":{},"required":[]}}}},"actions":{"When_an_item_is_created_or_modified":{"runAfter":{},"metadata":{"operationMetadataId":"5e995686-af16-4b05-a424-73abc72f4b17"},"type":"OpenApiConnection","inputs":{"host":{"apiId":"/providers/Microsoft.PowerApps/apis/shared_sharepointonline","connectionName":"shared_sharepointonline","operationId":"GetOnUpdatedItems"},"parameters":{"dataset":"https://37ccpy-my.sharepoint.com/personal/tugceayan_37ccpy_onmicrosoft_com","table":"df3baf9e-faf5-427e-bee8-da839cb4deb2"},"authentication":{"value":"@json(decodeBase64(triggerOutputs().headers['X-MS-APIM-Tokens']))['$ConnectionKey']","type":"Raw"}}},"Refresh_a_dataset":{"runAfter":{"When_an_item_is_created_or_modified":["Succeeded"]},"metadata":{"operationMetadataId":"9140cfe3-8e06-4e17-9f39-560e17f8198b"},"type":"OpenApiConnection","inputs":{"host":{"apiId":"/providers/Microsoft.PowerApps/apis/shared_powerbi","connectionName":"shared_powerbi","operationId":"RefreshDataset"},"parameters":{"groupid":"myworkspace","datasetid":"381ba1c9-40c4-41e4-8f67-67d0060dae1c"},"authentication":{"value":"@json(decodeBase64(triggerOutputs().headers['X-MS-APIM-Tokens']))['$ConnectionKey']","type":"Raw"}}}}},"connectionReferences":{"shared_sharepointonline":{"connectionName":"ebef4d722d7c49cc90652986b073a8c6","source":"Invoker","id":"/providers/Microsoft.PowerApps/apis/shared_sharepointonline","tier":"NotSpecified"},"shared_powerbi":{"connectionName":"b0c152402a6d4479a41fac2b6ac9f435","source":"Invoker","id":"/providers/Microsoft.PowerApps/apis/shared_powerbi","tier":"NotSpecified"}},"flowFailureAlertSubscribed":false,"isManaged":false}}